,Id,SalePrice
0,1461.0,133514.892040834
1,1462.0,165656.17743681802
2,1463.0,178825.3134830159
3,1464.0,200919.2022669842
4,1465.0,168649.50555007166
5,1466.0,172813.7424212712
6,1467.0,181099.2361873046
7,1468.0,163701.42814631615
8,1469.0,191089.19779222264
9,1470.0,120507.30642041714
10,1471.0,218939.96191288444
11,1472.0,93907.99536423164
12,1473.0,95027.38314422664
13,1474.0,146569.4522384788
14,1475.0,112447.84087741507
15,1476.0,362718.9245990198
16,1477.0,244341.49348486346
17,1478.0,302424.08923657925
18,1479.0,292626.7983513802
19,1480.0,461140.2332279413
20,1481.0,331420.71819696116
21,1482.0,223321.3149039448
22,1483.0,188481.44510001966
23,1484.0,164452.38431947285
24,1485.0,189608.08037988603
25,1486.0,200599.4621376468
26,1487.0,298335.55950389954
27,1488.0,238528.62129321182
28,1489.0,190947.27934817382
29,1490.0,254343.44773835925
30,1491.0,205241.1903906643
31,1492.0,83824.14837270368
32,1493.0,182568.6235147679
33,1494.0,275146.88657701213
34,1495.0,297357.7909512559
35,1496.0,235426.09420335034
36,1497.0,168855.14658167894
37,1498.0,168631.15240495553
38,1499.0,164137.08774007362
39,1500.0,159197.3302751201
40,1501.0,170645.9761552735
41,1502.0,150261.78390003357
42,1503.0,238314.36104348945
43,1504.0,235133.68052108923
44,1505.0,230677.93625840757
45,1506.0,202634.89755660112
46,1507.0,262220.57653088716
47,1508.0,227262.50079141872
48,1509.0,171326.17648044802
49,1510.0,152009.95413760544
50,1511.0,153531.3538382862
51,1512.0,177744.451910529
52,1513.0,142364.69321435993
53,1514.0,154953.92460252572
54,1515.0,192025.9951879466
55,1516.0,165427.41008498985
56,1517.0,161216.93442257727
57,1518.0,119325.40956009786
58,1519.0,228282.52406758073
59,1520.0,129399.8993539173
60,1521.0,132966.55261243918
61,1522.0,176441.30202490982
62,1523.0,102437.9938244333
63,1524.0,123688.11081125688
64,1525.0,128522.11332952253
65,1526.0,116863.89684032883
66,1527.0,97927.99307502435
67,1528.0,132435.89824788336
68,1529.0,143422.86401152064
69,1530.0,175836.6360407467
70,1531.0,117482.68008035222
71,1532.0,102670.36500413956
72,1533.0,138281.10614454688
73,1534.0,118383.52343745386
74,1535.0,159614.33188320615
75,1536.0,115629.27231653935
76,1537.0,67627.66972394819
77,1538.0,150038.12406463348
78,1539.0,174042.75167187268
79,1540.0,104585.26259671923
80,1541.0,134267.83291052145
81,1542.0,150945.401577662
82,1543.0,221340.11649524214
83,1544.0,84599.79519109908
84,1545.0,114906.68225913796
85,1546.0,137673.4745402903
86,1547.0,138843.75644801024
87,1548.0,133398.09330384905
88,1549.0,109068.04249955063
89,1550.0,124501.25799129633
90,1551.0,109124.6114039114
91,1552.0,133762.33967277806
92,1553.0,139098.67039643458
93,1554.0,110725.80113311621
94,1555.0,171713.52573973045
95,1556.0,94657.07381502607
96,1557.0,113153.81227184217
97,1558.0,113369.0518327264
98,1559.0,83093.17595540841
99,1560.0,123145.65629555604
100,1561.0,132148.84054815312
101,1562.0,124190.62705157594
102,1563.0,114547.82518022912
103,1564.0,164241.9127848081
104,1565.0,144969.71311863296
105,1566.0,250155.68652063346
106,1567.0,75463.79076484818
107,1568.0,228950.658943349
108,1569.0,140380.69916273674
109,1570.0,139727.51610260946
110,1571.0,143591.39449551623
111,1572.0,142015.98261601673
112,1573.0,261214.35661213734
113,1574.0,116809.68901914758
114,1575.0,211196.60968940877
115,1576.0,258155.79154545418
116,1577.0,196688.91556122678
117,1578.0,151707.99303117834
118,1579.0,147435.00934176092
119,1580.0,199230.30429379683
120,1581.0,151143.56094782843
121,1582.0,121127.87049852592
122,1583.0,299701.7100083615
123,1584.0,218956.5839455161
124,1585.0,148402.76950375596
125,1586.0,77326.65040603802
126,1587.0,113293.30162945783
127,1588.0,146336.60492260562
128,1589.0,107078.39600565986
129,1590.0,132495.70191835766
130,1591.0,92372.10174235629
131,1592.0,129725.22801979825
132,1593.0,120516.73555389605
133,1594.0,117170.3292458772
134,1595.0,105354.72162525011
135,1596.0,241642.8075300213
136,1597.0,189276.23817118537
137,1598.0,227746.01905245316
138,1599.0,169651.04034500173
139,1600.0,154425.1814790589
140,1601.0,78655.15443442827
141,1602.0,108433.33052196515
142,1603.0,84763.48343615954
143,1604.0,269691.370530112
144,1605.0,251000.4303860452
145,1606.0,174755.0707420324
146,1607.0,175110.6839276058
147,1608.0,224805.4872528815
148,1609.0,169457.1694533599
149,1610.0,151548.83701386864
150,1611.0,154384.5516150964
151,1612.0,178199.84591979271
152,1613.0,162328.93337291275
153,1614.0,128437.02865497691
154,1615.0,87633.78997531891
155,1616.0,72822.47744119079
156,1617.0,90605.6116308923
157,1618.0,126331.94876177507
158,1619.0,149160.4214609904
159,1620.0,156491.57664317684
160,1621.0,138740.334112527
161,1622.0,143183.16365389177
162,1623.0,256963.3117845677
163,1624.0,234198.21410897592
164,1625.0,122484.214783994
165,1626.0,175126.44375950246
166,1627.0,194640.90993685162
167,1628.0,303819.0755003326
168,1629.0,191083.03744392007
169,1630.0,377544.13430098025
170,1631.0,233951.93429258504
171,1632.0,265917.5092570643
172,1633.0,165308.88965175772
173,1634.0,193500.4528263133
174,1635.0,178798.8275708301
175,1636.0,153334.94662665707
176,1637.0,193066.66810880657
177,1638.0,194067.8406132008
178,1639.0,185814.79535880694
179,1640.0,312708.00432589446
180,1641.0,194269.94686635758
181,1642.0,235947.5550056917
182,1643.0,213500.09888830237
183,1644.0,240091.33113593436
184,1645.0,204858.16113191415
185,1646.0,156668.78535322478
186,1647.0,159658.52396219425
187,1648.0,129346.9231634754
188,1649.0,136663.42582540927
189,1650.0,118043.56054197786
190,1651.0,121862.27870844657
191,1652.0,96696.25103058494
192,1653.0,107556.10203901163
193,1654.0,149101.1135315222
194,1655.0,149825.5712725923
195,1656.0,136114.6754716685
196,1657.0,144234.7192479832
197,1658.0,144974.38908074185
198,1659.0,119440.17514211382
199,1660.0,167722.14179140356
200,1661.0,420932.2686732297
201,1662.0,358033.75248878583
202,1663.0,377953.03060098697
203,1664.0,428009.4959940272
204,1665.0,302127.59220896044
205,1666.0,329589.3466870023
206,1667.0,363903.3834444002
207,1668.0,374899.1299689453
208,1669.0,300400.8936105824
209,1670.0,339353.7724705946
210,1671.0,280060.10645482165
211,1672.0,412206.1563489794
212,1673.0,303998.01782133547
213,1674.0,237562.04537544117
214,1675.0,203274.8128305259
215,1676.0,205002.1126142821
216,1677.0,230472.38814812416
217,1678.0,424630.7569498762
218,1679.0,391816.29774508707
219,1680.0,327931.61614437774
220,1681.0,237059.77903029267
221,1682.0,325697.6570367112
222,1683.0,186475.1855107597
223,1684.0,173736.11041982946
224,1685.0,175179.44536710932
225,1686.0,175707.6143493387
226,1687.0,194792.86985109438
227,1688.0,204018.56727927944
228,1689.0,200060.21686418244
229,1690.0,205004.50592866936
230,1691.0,183196.3171172997
231,1692.0,283444.9157849146
232,1693.0,177762.49583974123
233,1694.0,180687.42511780254
234,1695.0,158864.763015492
235,1696.0,248355.0143741968
236,1697.0,164700.1635611869
237,1698.0,367890.03067001735
238,1699.0,308883.42620320735
239,1700.0,252600.25681837284
240,1701.0,295608.0666091531
241,1702.0,259530.7979575973
242,1703.0,253649.17288690648
243,1704.0,286765.43464469496
244,1705.0,255484.91402411708
245,1706.0,386653.10511053936
246,1707.0,219925.62868794837
247,1708.0,211745.57369318273
248,1709.0,276176.4280559459
249,1710.0,237903.18176508532
250,1711.0,276443.30859836284
251,1712.0,266556.836406662
252,1713.0,278380.7196495937
253,1714.0,219623.15626929502
254,1715.0,202993.308182639
255,1716.0,188877.82338979264
256,1717.0,174030.75841667663
257,1718.0,128589.3314666908
258,1719.0,211216.38479434696
259,1720.0,228738.9402608624
260,1721.0,169851.14142600584
261,1722.0,126346.36999089336
262,1723.0,166726.4781103604
263,1724.0,204292.70402620253
264,1725.0,234884.77469314076
265,1726.0,203818.83697679453
266,1727.0,152077.26230927077
267,1728.0,179088.5538653619
268,1729.0,170822.43218967022
269,1730.0,139956.29206937333
270,1731.0,114257.13959952837
271,1732.0,124339.40569771793
272,1733.0,112822.42797547628
273,1734.0,110350.79899782638
274,1735.0,132358.46535181836
275,1736.0,125171.95964642699
276,1737.0,205696.59922570345
277,1738.0,243982.05906985863
278,1739.0,226059.39566002632
279,1740.0,215041.18024383226
280,1741.0,198168.40448475518
281,1742.0,166596.77169371492
282,1743.0,179135.18275378938
283,1744.0,222358.54497572233
284,1745.0,217600.92015333904
285,1746.0,186148.04195279215
286,1747.0,231975.45748701415
287,1748.0,222760.38366141234
288,1749.0,155607.94475109573
289,1750.0,131650.6031184192
290,1751.0,284827.543480281
291,1752.0,122860.23590497482
292,1753.0,148724.06768760027
293,1754.0,213579.61142679476
294,1755.0,173057.23636424844
295,1756.0,149759.33818374938
296,1757.0,125227.87286798093
297,1758.0,145057.7918591762
298,1759.0,155004.69242311158
299,1760.0,169601.37389419338
300,1761.0,156402.78589633558
301,1762.0,175858.13506577178
302,1763.0,180577.05565668963
303,1764.0,116237.10789608408
304,1765.0,141359.4642618365
305,1766.0,192055.87259580486
306,1767.0,211738.68525938928
307,1768.0,138320.70529371742
308,1769.0,164229.19896778074
309,1770.0,148465.72482012518
310,1771.0,116997.37072154786
311,1772.0,121957.73956145484
312,1773.0,122381.96890709201
313,1774.0,126993.73513754703
314,1775.0,134903.1757096994
315,1776.0,133179.46073103658
316,1777.0,113406.92120649651
317,1778.0,132274.98033571342
318,1779.0,120246.37711749805
319,1780.0,173565.97224802425
320,1781.0,130055.18836279502
321,1782.0,89621.6327098596
322,1783.0,131726.32959781267
323,1784.0,103255.21794260041
324,1785.0,117494.66583082548
325,1786.0,153211.89445224492
326,1787.0,158369.944672785
327,1788.0,79892.62267824184
328,1789.0,97786.16746884416
329,1790.0,85858.04327859633
330,1791.0,161214.63651549036
331,1792.0,157915.0690925593
332,1793.0,130714.46894938397
333,1794.0,151000.0876216275
334,1795.0,128114.0213696045
335,1796.0,122261.807170405
336,1797.0,124954.61918904404
337,1798.0,116238.58824403952
338,1799.0,118460.80900996937
339,1800.0,127925.83783409858
340,1801.0,126549.24218798066
341,1802.0,149363.72685720059
342,1803.0,143655.09105521024
343,1804.0,139791.9256109374
344,1805.0,137976.24208253616
345,1806.0,121895.86131121118
346,1807.0,133096.59961513302
347,1808.0,123391.36461151806
348,1809.0,112890.1857427076
349,1810.0,143231.18598028584
350,1811.0,120050.58871305197
351,1812.0,91083.99975521438
352,1813.0,125000.77500299188
353,1814.0,98489.90526599239
354,1815.0,72511.09833214345
355,1816.0,106482.77438734694
356,1817.0,110807.02984528794
357,1818.0,136968.34668761867
358,1819.0,120658.19704391282
359,1820.0,79939.4346715427
360,1821.0,131846.55364949148
361,1822.0,145772.72634544747
362,1823.0,55569.08846901952
363,1824.0,129776.83483919555
364,1825.0,136103.92777681033
365,1826.0,101373.97116035745
366,1827.0,97980.1403996863
367,1828.0,143164.5401335344
368,1829.0,110109.03213894536
369,1830.0,139831.3166652452
370,1831.0,145577.47725830338
371,1832.0,94165.09039126433
372,1833.0,150086.53412615217
373,1834.0,115560.4842250761
374,1835.0,135090.88364717545
375,1836.0,135519.14618344346
376,1837.0,88506.96600932605
377,1838.0,156357.41044953384
378,1839.0,106491.58532022711
379,1840.0,157227.13517386335
380,1841.0,131404.3542709355
381,1842.0,92734.28235583825
382,1843.0,127813.45842441883
383,1844.0,147613.3633431687
384,1845.0,147034.08281845943
385,1846.0,155699.62448664272
386,1847.0,189990.89204488992
387,1848.0,50827.828412872994
388,1849.0,114547.88991882655
389,1850.0,121256.44415718885
390,1851.0,154880.09911227255
391,1852.0,118938.90009444229
392,1853.0,144554.2824304284
393,1854.0,186336.89853217395
394,1855.0,160247.7432605713
395,1856.0,234371.23650463505
396,1857.0,144644.54985289363
397,1858.0,125589.3136192541
398,1859.0,110096.10685886766
399,1860.0,139773.3063619445
400,1861.0,110552.12543404302
401,1862.0,254233.86967863762
402,1863.0,245622.11019867883
403,1864.0,245701.16622644133
404,1865.0,335924.05817760417
405,1866.0,334213.18702213955
406,1867.0,229250.71380377066
407,1868.0,309059.62096908473
408,1869.0,206143.29132769612
409,1870.0,233915.14691779745
410,1871.0,268604.8288285277
411,1872.0,178045.39732361506
412,1873.0,227916.92562927338
413,1874.0,152121.04815853483
414,1875.0,210026.0447827756
415,1876.0,202902.58781412002
416,1877.0,224163.06484256807
417,1878.0,230818.92433177005
418,1879.0,120225.291270105
419,1880.0,135456.89001155086
420,1881.0,252042.28259058247
421,1882.0,254535.43760772207
422,1883.0,194538.23654750182
423,1884.0,200324.16512638892
424,1885.0,261648.40350186627
425,1886.0,310602.3439641382
426,1887.0,230235.15309778135
427,1888.0,284911.3679279961
428,1889.0,172281.72859069024
429,1890.0,117973.08526813624
430,1891.0,131112.78233905553
431,1892.0,89683.06256045944
432,1893.0,135140.5392351493
433,1894.0,126920.77248910144
434,1895.0,137789.09869946638
435,1896.0,131475.85278029906
436,1897.0,112323.01229755172
437,1898.0,111072.46033886923
438,1899.0,169092.1138828426
439,1900.0,140030.92317438626
440,1901.0,152281.5189473852
441,1902.0,138841.4751167491
442,1903.0,205537.97767917125
443,1904.0,133470.858588081
444,1905.0,191592.4501105572
445,1906.0,174294.8934573599
446,1907.0,198480.34148903674
447,1908.0,104342.1090784846
448,1909.0,135867.11921778743
449,1910.0,116682.44222338134
450,1911.0,195718.28516438493
451,1912.0,342062.4192614265
452,1913.0,166295.26020241447
453,1914.0,69926.6567127633
454,1915.0,310020.08405571745
455,1916.0,62741.45193931369
456,1917.0,279839.495102883
457,1918.0,138481.3676548614
458,1919.0,195652.70409845142
459,1920.0,169286.37101624982
460,1921.0,421524.2537536206
461,1922.0,332007.0736058513
462,1923.0,227845.96033719584
463,1924.0,268375.7195965585
464,1925.0,215603.48656448827
465,1926.0,434743.3902973375
466,1927.0,134421.30222148082
467,1928.0,158136.3217136096
468,1929.0,131256.91751482754
469,1930.0,142202.92590637115
470,1931.0,139453.69573576297
471,1932.0,142858.42040440615
472,1933.0,173921.31610527638
473,1934.0,180189.414382267
474,1935.0,171115.41451693283
475,1936.0,196090.3035880421
476,1937.0,197490.5116574561
477,1938.0,187658.85509456438
478,1939.0,279441.67334447464
479,1940.0,178095.17844623505
480,1941.0,168959.12381824807
481,1942.0,195760.95892358402
482,1943.0,202472.02864193713
483,1944.0,347886.4600413084
484,1945.0,375096.1234688403
485,1946.0,137223.06111461887
486,1947.0,287067.358105917
487,1948.0,162201.1066133543
488,1949.0,269325.39371910226
489,1950.0,206762.7240625227
490,1951.0,294410.58670621575
491,1952.0,244354.86712877997
492,1953.0,191766.86792869863
493,1954.0,202465.59392201813
494,1955.0,149151.1406011394
495,1956.0,320955.79376804654
496,1957.0,150043.88967407861
497,1958.0,296038.5288218043
498,1959.0,134945.05433900267
499,1960.0,120117.23199584612
500,1961.0,122804.48451818079
501,1962.0,94759.75701883424
502,1963.0,99299.80927327301
503,1964.0,104818.39396862504
504,1965.0,157375.38360818493
505,1966.0,133355.7453546778
506,1967.0,286964.83706839255
507,1968.0,401350.64066256187
508,1969.0,400543.30139440065
509,1970.0,423604.22107528563
510,1971.0,436998.3379743757
511,1972.0,388423.47120541043
512,1973.0,286806.4150452602
513,1974.0,332424.4275765717
514,1975.0,288718.98360399535
515,1976.0,300009.448285726
516,1977.0,373548.4274738539
517,1978.0,371951.7177618032
518,1979.0,333528.42967599485
519,1980.0,219635.09253592772
520,1981.0,321187.3761713393
521,1982.0,227851.4162570954
522,1983.0,206249.74425137404
523,1984.0,160308.58323245478
524,1985.0,226506.38272132876
525,1986.0,214670.41824138124
526,1987.0,171089.0325951503
527,1988.0,184399.96500661483
528,1989.0,200475.14718559897
529,1990.0,220930.97132012283
530,1991.0,228550.06058589084
531,1992.0,223156.12135887405
532,1993.0,172346.63213067286
533,1994.0,241566.91968408175
534,1995.0,189424.30474824883
535,1996.0,251042.71680107497
536,1997.0,329712.55956184526
537,1998.0,319231.9568720678
538,1999.0,267132.3302872662
539,2000.0,296154.1143399029
540,2001.0,268783.55250036967
541,2002.0,251886.35531923242
542,2003.0,270721.5849746864
543,2004.0,276511.35994181846
544,2005.0,247770.9892109763
545,2006.0,219224.8867798666
546,2007.0,269940.31017447653
547,2008.0,206434.2095958489
548,2009.0,220424.83625504642
549,2010.0,207648.96891477398
550,2011.0,141326.74341024295
551,2012.0,175675.2151560523
552,2013.0,182290.77999081856
553,2014.0,206298.96746794917
554,2015.0,199442.80335540717
555,2016.0,201478.77662684198
556,2017.0,213276.83215944772
557,2018.0,122419.69970242139
558,2019.0,132755.3759997781
559,2020.0,112908.86908772402
560,2021.0,97031.35264459776
561,2022.0,187668.24240401963
562,2023.0,139770.12096793344
563,2024.0,272902.4525582316
564,2025.0,358497.1985155094
565,2026.0,181923.3632738819
566,2027.0,157186.80037405365
567,2028.0,151301.6397385238
568,2029.0,161710.74797711775
569,2030.0,268335.35912777256
570,2031.0,227044.4734713683
571,2032.0,229955.15675028422
572,2033.0,246650.36275685616
573,2034.0,161411.58044621855
574,2035.0,211411.97867180995
575,2036.0,190611.40228589685
576,2037.0,200361.4060058671
577,2038.0,279707.5689444889
578,2039.0,229752.9051294217
579,2040.0,285882.0183307917
580,2041.0,245956.7636814394
581,2042.0,209728.27614380335
582,2043.0,184205.42485014227
583,2044.0,173865.62770214013
584,2045.0,211187.68134957465
585,2046.0,143625.35425313356
586,2047.0,148363.47606565227
587,2048.0,131742.47824393917
588,2049.0,129700.34715186927
589,2050.0,191941.74896319932
590,2051.0,107412.55784028086
591,2052.0,124224.02029071143
592,2053.0,143701.93584733328
593,2054.0,96133.71666148401
594,2055.0,163416.44032326582
595,2056.0,145536.1670105846
596,2057.0,117214.54113368603
597,2058.0,213529.20971131063
598,2059.0,139397.63796966634
599,2060.0,177259.46065141034
600,2061.0,169044.3601039797
601,2062.0,124503.07370533414
602,2063.0,116349.41819507751
603,2064.0,138732.3095382997
604,2065.0,122946.9028067517
605,2066.0,178191.27362907666
606,2067.0,124349.36126859803
607,2068.0,126120.23183401013
608,2069.0,92396.21284721738
609,2070.0,114327.50223979002
610,2071.0,99033.08357252517
611,2072.0,132665.24718788997
612,2073.0,148308.756637566
613,2074.0,186105.58037131454
614,2075.0,139269.34638976058
615,2076.0,119261.24472631319
616,2077.0,146816.36279934633
617,2078.0,129627.05954352036
618,2079.0,138598.9019849915
619,2080.0,118237.00098401649
620,2081.0,118367.82389158892
621,2082.0,126197.95948225993
622,2083.0,135862.3356224097
623,2084.0,105422.62568234577
624,2085.0,110936.7068826089
625,2086.0,143338.38102902283
626,2087.0,124604.12291562883
627,2088.0,100360.0535880573
628,2089.0,81548.17791582872
629,2090.0,127565.15327814005
630,2091.0,109474.43617830562
631,2092.0,111884.23099750973
632,2093.0,119448.99281939138
633,2094.0,121004.5479263814
634,2095.0,149678.67267095682
635,2096.0,94788.7246685206
636,2097.0,92141.3401154977
637,2098.0,143141.588823184
638,2099.0,72526.94278315385
639,2100.0,85491.64728914811
640,2101.0,112774.6008138567
641,2102.0,119808.62251066623
642,2103.0,102558.81796058014
643,2104.0,127847.46309584516
644,2105.0,110019.60852381156
645,2106.0,74620.83340641209
646,2107.0,178379.15008316492
647,2108.0,118404.63071960636
648,2109.0,108160.50226884449
649,2110.0,148616.4608747232
650,2111.0,161931.37596512926
651,2112.0,135177.76695832584
652,2113.0,121739.10073267699
653,2114.0,128934.49331559626
654,2115.0,167115.52079645396
655,2116.0,114573.59977712261
656,2117.0,144739.03232665593
657,2118.0,117221.55417135998
658,2119.0,124159.50313153866
659,2120.0,128630.50574196121
660,2121.0,124165.44490421675
661,2122.0,114832.93161929905
662,2123.0,77673.2374647467
663,2124.0,163031.41075947916
664,2125.0,138499.55743118745
665,2126.0,155457.1802966419
666,2127.0,171254.25491791044
667,2128.0,120844.29854319239
668,2129.0,98794.27289766658
669,2130.0,145736.9190364068
670,2131.0,152208.4561763311
671,2132.0,120969.17517902197
672,2133.0,127082.70166293987
673,2134.0,129856.02026576806
674,2135.0,98292.11227987983
675,2136.0,100672.78022531708
676,2137.0,117831.09396749418
677,2138.0,136257.58679771618
678,2139.0,148527.19751988575
679,2140.0,138443.50669447912
680,2141.0,161748.2117567995
681,2142.0,120393.57656825574
682,2143.0,147431.95430678735
683,2144.0,114989.34013848855
684,2145.0,140471.2198132724
685,2146.0,172159.4700758661
686,2147.0,167716.70666860833
687,2148.0,130255.32098645461
688,2149.0,142799.6878871264
689,2150.0,258412.51560072802
690,2151.0,107044.79627657776
691,2152.0,151681.32977734876
692,2153.0,166146.88633417897
693,2154.0,111514.57501141223
694,2155.0,147191.00753116
695,2156.0,269502.3097782905
696,2157.0,250816.81101161533
697,2158.0,250408.57584746674
698,2159.0,229808.2930484061
699,2160.0,169750.76526660135
700,2161.0,246976.4664183803
701,2162.0,355806.2777591937
702,2163.0,334112.5747520557
703,2164.0,257857.6689438813
704,2165.0,216865.71967291867
705,2166.0,151686.2563130784
706,2167.0,223271.8682128419
707,2168.0,200559.99235741177
708,2169.0,202607.6599649951
709,2170.0,212479.56141635083
710,2171.0,154494.1572578128
711,2172.0,129797.6286715343
712,2173.0,175482.40342447214
713,2174.0,237814.57860758112
714,2175.0,305996.74528611766
715,2176.0,305430.3903456508
716,2177.0,237017.12281856933
717,2178.0,213989.19467063397
718,2179.0,144123.83170635183
719,2180.0,198796.40551698607
720,2181.0,208193.73055200605
721,2182.0,232873.94797334517
722,2183.0,201653.69595147943
723,2184.0,123912.3047386146
724,2185.0,120874.09379760633
725,2186.0,147643.01738427178
726,2187.0,155309.20911122844
727,2188.0,158704.2051754526
728,2189.0,229351.55958877289
729,2190.0,90825.98818380987
730,2191.0,85823.02792712658
731,2192.0,96986.98944679693
732,2193.0,93497.83888677903
733,2194.0,95463.98761297562
734,2195.0,110514.55481063518
735,2196.0,97651.10743235817
736,2197.0,128841.11996969131
737,2198.0,163934.91143979388
738,2199.0,192488.09925724924
739,2200.0,136070.07041459106
740,2201.0,129177.91722989928
741,2202.0,216057.8084313179
742,2203.0,122405.32248427405
743,2204.0,192326.07697971095
744,2205.0,113823.07733399858
745,2206.0,136573.02798002044
746,2207.0,201102.57228709292
747,2208.0,244847.51467951262
748,2209.0,217473.87840129854
749,2210.0,117305.11684160205
750,2211.0,136490.53657327231
751,2212.0,134705.65137215468
752,2213.0,101986.12338580076
753,2214.0,139920.73854853216
754,2215.0,98587.84809147776
755,2216.0,149382.96667038923
756,2217.0,80508.75127058178
757,2218.0,93873.67438505126
758,2219.0,85545.26597831538
759,2220.0,84484.79267059994
760,2221.0,314483.90517993574
761,2222.0,275713.84454497986
762,2223.0,330498.38096628606
763,2224.0,216204.5331027949
764,2225.0,123814.31856514615
765,2226.0,180571.88162690535
766,2227.0,208536.8243358213
767,2228.0,294879.8640102652
768,2229.0,243783.00745450734
769,2230.0,147013.3437585422
770,2231.0,217725.26420836296
771,2232.0,184242.76534558556
772,2233.0,190920.0246097531
773,2234.0,261318.48954913364
774,2235.0,239089.13142456752
775,2236.0,260855.08755520798
776,2237.0,345018.5693508355
777,2238.0,191402.7568686809
778,2239.0,114051.27541854048
779,2240.0,165315.492918737
780,2241.0,154983.83222853925
781,2242.0,124707.28176758354
782,2243.0,130468.04204366401
783,2244.0,100616.8014549593
784,2245.0,125601.75905016538
785,2246.0,147877.2761400573
786,2247.0,114527.35558177694
787,2248.0,124761.35507164808
788,2249.0,118442.41170699878
789,2250.0,129145.9507416672
790,2251.0,104255.96870246291
791,2252.0,182312.62435557062
792,2253.0,146898.55671115432
793,2254.0,177643.25415986325
794,2255.0,187777.66209278547
795,2256.0,180113.9255725051
796,2257.0,197868.99767503695
797,2258.0,160876.80260509925
798,2259.0,178002.575424998
799,2260.0,144458.48501699523
800,2261.0,183597.34958520997
801,2262.0,202677.75484445842
802,2263.0,394047.7105633534
803,2264.0,384125.46383991675
804,2265.0,170089.46968821582
805,2266.0,302506.5618098576
806,2267.0,355784.2491183967
807,2268.0,382217.6334949755
808,2269.0,161884.4143175637
809,2270.0,191780.73807314166
810,2271.0,251798.4917058199
811,2272.0,212698.9091584245
812,2273.0,168309.31432174658
813,2274.0,185703.9417116373
814,2275.0,180036.47612115383
815,2276.0,199530.56370401365
816,2277.0,194523.62026261206
817,2278.0,148506.14694091323
818,2279.0,124310.96387995816
819,2280.0,118766.72235931712
820,2281.0,185819.56506059523
821,2282.0,211640.3494302908
822,2283.0,103053.78605445646
823,2284.0,109353.79084441072
824,2285.0,139388.5265985694
825,2286.0,125529.89227958547
826,2287.0,360412.1937862979
827,2288.0,264711.0768503101
828,2289.0,354525.9075285935
829,2290.0,431463.98869930976
830,2291.0,329625.5145016836
831,2292.0,439410.5455225111
832,2293.0,449631.6110564648
833,2294.0,394011.5447928165
834,2295.0,434003.28821348585
835,2296.0,284107.17186543887
836,2297.0,331772.1225620406
837,2298.0,338233.66967866826
838,2299.0,350133.42269243125
839,2300.0,334120.26315433055
840,2301.0,296852.1623942901
841,2302.0,263074.02532729006
842,2303.0,246656.16378522222
843,2304.0,243398.93420355947
844,2305.0,189717.94405252935
845,2306.0,189548.25063597347
846,2307.0,203470.77135253532
847,2308.0,239640.3167672727
848,2309.0,284534.31431317865
849,2310.0,209680.0727149372
850,2311.0,199644.42725320588
851,2312.0,170815.8951034457
852,2313.0,172475.06752903073
853,2314.0,166920.6379068158
854,2315.0,169180.05232876603
855,2316.0,186082.07819147123
856,2317.0,194746.89830050775
857,2318.0,177250.19509460815
858,2319.0,178892.8255955498
859,2320.0,179793.4153165445
860,2321.0,249367.7346744557
861,2322.0,184750.91145293307
862,2323.0,198637.1370114722
863,2324.0,181723.41780770634
864,2325.0,214438.91053476662
865,2326.0,182542.83603681234
866,2327.0,212736.67244076284
867,2328.0,228985.21833485767
868,2329.0,195083.22358110192
869,2330.0,179383.8247134699
870,2331.0,364613.4539144406
871,2332.0,433109.8403429815
872,2333.0,299558.0423528391
873,2334.0,255134.44946798982
874,2335.0,285287.37111796613
875,2336.0,295405.3624991723
876,2337.0,195314.05194589915
877,2338.0,264958.4614348518
878,2339.0,227099.63324482314
879,2340.0,367128.4961711959
880,2341.0,221200.57942410724
881,2342.0,244103.56549545733
882,2343.0,234703.1135415404
883,2344.0,205939.65021476147
884,2345.0,231509.28954054814
885,2346.0,214791.4947978101
886,2347.0,197786.51221139898
887,2348.0,240529.5636712572
888,2349.0,168490.9687111079
889,2350.0,288550.0934371691
890,2351.0,253391.53744997567
891,2352.0,265473.71488545806
892,2353.0,260139.2610939058
893,2354.0,122860.84240213892
894,2355.0,131665.9330512778
895,2356.0,163874.55791632846
896,2357.0,201366.6239897002
897,2358.0,200802.81114384337
898,2359.0,131486.6396603494
899,2360.0,106536.51629314723
900,2361.0,145773.5621818763
901,2362.0,260315.5285348881
902,2363.0,132210.57083127368
903,2364.0,163953.06536665375
904,2365.0,229184.13608833007
905,2366.0,187004.40161049762
906,2367.0,215418.59145666793
907,2368.0,207129.94762439147
908,2369.0,208318.56669353
909,2370.0,159786.09945890369
910,2371.0,159644.15123505113
911,2372.0,189652.3098960087
912,2373.0,289131.6774902322
913,2374.0,310550.90701038454
914,2375.0,258030.36076413566
915,2376.0,274207.1380479319
916,2377.0,328602.54830527276
917,2378.0,154514.89694255101
918,2379.0,207471.33065338893
919,2380.0,148627.90682890842
920,2381.0,178560.0870804855
921,2382.0,227831.32095915056
922,2383.0,214524.81410159462
923,2384.0,266733.98117454926
924,2385.0,158975.06215036963
925,2386.0,135105.08116524434
926,2387.0,135188.87332998382
927,2388.0,109051.60394156512
928,2389.0,117004.52037661427
929,2390.0,148982.99600896458
930,2391.0,137519.44973557699
931,2392.0,112262.23402713148
932,2393.0,158369.57118423757
933,2394.0,134575.54456712166
934,2395.0,196547.5499915205
935,2396.0,142587.02701675164
936,2397.0,206463.00086853668
937,2398.0,138621.88354505374
938,2399.0,62365.16829194239
939,2400.0,64861.783034233864
940,2401.0,124384.30223256306
941,2402.0,140978.68532876065
942,2403.0,121897.94925579564
943,2404.0,159240.74955021974
944,2405.0,160704.7085745723
945,2406.0,150058.11823942684
946,2407.0,128471.79458563916
947,2408.0,142035.59079737682
948,2409.0,117915.55934943406
949,2410.0,168158.63135852935
950,2411.0,115474.32134708956
951,2412.0,157911.30853486026
952,2413.0,128940.30482906497
953,2414.0,139544.25858784482
954,2415.0,116888.55613894736
955,2416.0,125286.87008049527
956,2417.0,129706.46757009764
957,2418.0,129508.16447012855
958,2419.0,126575.63710786877
959,2420.0,122209.88855704808
960,2421.0,170571.7568715758
961,2422.0,117546.44460715096
962,2423.0,104532.18021045702
963,2424.0,160481.35105053312
964,2425.0,200779.4873033492
965,2426.0,126709.86804873458
966,2427.0,112879.5867747615
967,2428.0,173815.24164424703
968,2429.0,109126.77047581211
969,2430.0,133690.6942753688
970,2431.0,116736.17503704163
971,2432.0,137419.37446790098
972,2433.0,141124.03809170044
973,2434.0,123312.71180419982
974,2435.0,136890.19366056038
975,2436.0,106291.80236773888
976,2437.0,105057.32030405129
977,2438.0,127365.32544747104
978,2439.0,104146.50848537951
979,2440.0,123729.30238326202
980,2441.0,96592.56595803959
981,2442.0,93232.6143817403
982,2443.0,126440.24309599213
983,2444.0,137625.77460599903
984,2445.0,108098.58771277634
985,2446.0,139830.44497327547
986,2447.0,163712.7463630667
987,2448.0,132226.94573508
988,2449.0,110950.76078306724
989,2450.0,157414.69864132654
990,2451.0,120167.84601761955
991,2452.0,196807.0705011983
992,2453.0,96747.07772303165
993,2454.0,130877.59671349778
994,2455.0,122666.20479663581
995,2456.0,139373.3950269878
996,2457.0,133371.54298723012
997,2458.0,125737.0485357166
998,2459.0,107785.73396043954
999,2460.0,136954.7136392569
1000,2461.0,139705.83621171425
1001,2462.0,135961.22323243262
1002,2463.0,127690.17386797452
1003,2464.0,166011.185105166
1004,2465.0,138117.8337063402
1005,2466.0,130092.09735838525
1006,2467.0,130883.69715295218
1007,2468.0,95499.50098120091
1008,2469.0,87197.13518571934
1009,2470.0,208817.33661152
1010,2471.0,208641.9487859343
1011,2472.0,169904.53240161025
1012,2473.0,136270.13121276058
1013,2474.0,92463.99281785495
1014,2475.0,248897.5539360033
1015,2476.0,120169.36963464718
1016,2477.0,127870.60016569599
1017,2478.0,156068.6873198049
1018,2479.0,104852.79619924727
1019,2480.0,152209.86393403437
1020,2481.0,124057.22018100432
1021,2482.0,132161.62964034942
1022,2483.0,114210.00922130942
1023,2484.0,123314.24475026158
1024,2485.0,127500.81073972452
1025,2486.0,145799.99363595646
1026,2487.0,181260.46164234713
1027,2488.0,174265.53580471838
1028,2489.0,159186.17719319515
1029,2490.0,158681.1116977475
1030,2491.0,88094.00379735946
1031,2492.0,191253.94083940762
1032,2493.0,165831.16865381683
1033,2494.0,146715.3672821839
1034,2495.0,90380.19346805013
1035,2496.0,223981.11552627268
1036,2497.0,154926.75701138616
1037,2498.0,112742.00144121083
1038,2499.0,86839.81698085177
1039,2500.0,128336.86988386525
1040,2501.0,139712.47561698323
1041,2502.0,157839.56231981912
1042,2503.0,101973.28206932876
1043,2504.0,216675.28952724012
1044,2505.0,239571.71660542648
1045,2506.0,254024.69659121678
1046,2507.0,290486.1031911152
1047,2508.0,253293.17831773445
1048,2509.0,238727.99527802411
1049,2510.0,231324.3422145126
1050,2511.0,184391.50273208448
1051,2512.0,203954.2579474706
1052,2513.0,243397.85925361773
1053,2514.0,258899.99639448538
1054,2515.0,146540.37393038208
1055,2516.0,172368.10856312342
1056,2517.0,144517.9122021016
1057,2518.0,150300.18390088255
1058,2519.0,228603.29770381982
1059,2520.0,213318.47964180046
1060,2521.0,184408.58166867355
1061,2522.0,231924.9521208689
1062,2523.0,113607.83978065361
1063,2524.0,137131.09527254396
1064,2525.0,153217.49174312694
1065,2526.0,129717.97675831018
1066,2527.0,117237.65592604555
1067,2528.0,132057.78173755875
1068,2529.0,119907.33965397127
1069,2530.0,123254.95439456307
1070,2531.0,258325.49231214213
1071,2532.0,226605.81349507123
1072,2533.0,195497.05194841698
1073,2534.0,239788.82340432124
1074,2535.0,302296.88845952024
1075,2536.0,256304.24278860894
1076,2537.0,241780.47761931707
1077,2538.0,175331.08071072874
1078,2539.0,199788.604975348
1079,2540.0,181143.6488290312
1080,2541.0,175346.88789344046
1081,2542.0,165082.4933567972
1082,2543.0,122560.76415794752
1083,2544.0,120845.3486012541
1084,2545.0,153258.51466948766
1085,2546.0,117337.88749683174
1086,2547.0,140780.18134053156
1087,2548.0,143471.90117325442
1088,2549.0,163363.67227936882
1089,2550.0,421158.19188567705
1090,2551.0,154882.7925837371
1091,2552.0,126638.00993394751
1092,2553.0,89601.43731101266
1093,2554.0,102846.84194270222
1094,2555.0,123306.46538203367
1095,2556.0,101823.3576857207
1096,2557.0,104520.64619501651
1097,2558.0,152350.2394066535
1098,2559.0,132649.93539728122
1099,2560.0,139401.58344144546
1100,2561.0,143512.1475493387
1101,2562.0,135031.09363839653
1102,2563.0,146866.24992290646
1103,2564.0,176782.45887048673
1104,2565.0,120234.6767061824
1105,2566.0,175359.70605726202
1106,2567.0,130783.67424635713
1107,2568.0,188591.4182687506
1108,2569.0,221069.67367817106
1109,2570.0,116643.15398570095
1110,2571.0,179330.66717571986
1111,2572.0,157836.53114553966
1112,2573.0,220850.19637297624
1113,2574.0,267927.4543344939
1114,2575.0,129471.95294362452
1115,2576.0,133387.06079376978
1116,2577.0,144651.237425812
1117,2578.0,85816.69922579947
1118,2579.0,84154.31055167536
1119,2580.0,125444.29815114434
1120,2581.0,116884.54495309372
1121,2582.0,134060.0894278922
1122,2583.0,279754.26004828914
1123,2584.0,191267.61893297004
1124,2585.0,201284.57304089158
1125,2586.0,229521.3306013138
1126,2587.0,209794.2255368727
1127,2588.0,163363.74281014618
1128,2589.0,156923.34993246236
1129,2590.0,210615.89936971932
1130,2591.0,245159.1969119848
1131,2592.0,214306.17780171928
1132,2593.0,251891.9930525016
1133,2594.0,194847.2663775614
1134,2595.0,203166.24782862375
1135,2596.0,309216.16694481124
1136,2597.0,194237.7518605575
1137,2598.0,309313.1366650008
1138,2599.0,317185.47847211827
1139,2600.0,178247.14729198138
1140,2601.0,170547.36293800495
1141,2602.0,81750.98775993878
1142,2603.0,90887.1786452046
1143,2604.0,81739.0261314626
1144,2605.0,77483.45350544994
1145,2606.0,152418.34404033344
1146,2607.0,215058.93828582834
1147,2608.0,209265.07623198128
1148,2609.0,174765.5660699077
1149,2610.0,113543.48354418733
1150,2611.0,134262.89259784282
1151,2612.0,168113.32956786273
1152,2613.0,129457.77422094544
1153,2614.0,131120.28075961818
1154,2615.0,141619.7544449949
1155,2616.0,149686.3291402883
1156,2617.0,170919.36997193596
1157,2618.0,167989.75946608477
1158,2619.0,201701.12150279543
1159,2620.0,174573.02887979487
1160,2621.0,174337.43870873484
1161,2622.0,184856.6513422259
1162,2623.0,233712.54055430417
1163,2624.0,332697.0991360439
1164,2625.0,349286.3458761968
1165,2626.0,180895.18808854988
1166,2627.0,148679.31521377823
1167,2628.0,433012.9769042409
1168,2629.0,478399.7919306984
1169,2630.0,346114.52905916166
1170,2631.0,452086.90875126
1171,2632.0,372013.78257144033
1172,2633.0,322498.01624345063
1173,2634.0,384449.9839054405
1174,2635.0,172390.54488556425
1175,2636.0,181655.90538833046
1176,2637.0,180199.35848949454
1177,2638.0,254974.01044287084
1178,2639.0,210859.14831183635
1179,2640.0,143645.8641216508
1180,2641.0,103064.74257922426
1181,2642.0,208291.92375839117
1182,2643.0,104821.85944061948
1183,2644.0,111266.68428393704
1184,2645.0,106865.4914679511
1185,2646.0,93486.26189451192
1186,2647.0,96613.83344102996
1187,2648.0,148126.5086893436
1188,2649.0,155449.65627249386
1189,2650.0,151476.91405004598
1190,2651.0,137744.76990603755
1191,2652.0,361370.2023763094
1192,2653.0,250707.89772446803
1193,2654.0,245811.2136179036
1194,2655.0,395846.5325850586
1195,2656.0,322256.67018619366
1196,2657.0,350272.9224702112
1197,2658.0,308720.8897826064
1198,2659.0,288033.3966114017
1199,2660.0,380391.02800532966
1200,2661.0,349330.0267645596
1201,2662.0,377758.77246411314
1202,2663.0,308209.77661596297
1203,2664.0,270126.1257215946
1204,2665.0,318766.6519608698
1205,2666.0,275063.38633086556
1206,2667.0,167694.8361412434
1207,2668.0,180895.77092071413
1208,2669.0,181235.15983966363
1209,2670.0,291563.54850354826
1210,2671.0,186323.8998947016
1211,2672.0,210992.74247069948
1212,2673.0,213035.7608706087
1213,2674.0,215185.9757632117
1214,2675.0,180141.2608210732
1215,2676.0,195082.04143274325
1216,2677.0,202608.9569326876
1217,2678.0,242626.7658310444
1218,2679.0,262515.9202283965
1219,2680.0,315854.32434143446
1220,2681.0,381255.6200076268
1221,2682.0,290219.64786328207
1222,2683.0,444691.7835297752
1223,2684.0,330858.57214792457
1224,2685.0,310827.31316284055
1225,2686.0,244248.01391265553
1226,2687.0,293089.15471933794
1227,2688.0,209300.84488825017
1228,2689.0,206383.34286704476
1229,2690.0,404909.15727124043
1230,2691.0,184246.4221730684
1231,2692.0,127208.38236515288
1232,2693.0,204974.41879135024
1233,2694.0,126618.87849581976
1234,2695.0,199187.45707952578
1235,2696.0,186093.18917509005
1236,2697.0,184014.48748383083
1237,2698.0,185381.74572065315
1238,2699.0,187050.2725272427
1239,2700.0,164571.48314045958
1240,2701.0,153405.69976281733
1241,2702.0,111682.60338595645
1242,2703.0,129797.09830635507
1243,2704.0,133451.2231403872
1244,2705.0,120424.12542469589
1245,2706.0,107031.5033450394
1246,2707.0,127580.24199842567
1247,2708.0,136830.18505761927
1248,2709.0,98935.23010766211
1249,2710.0,126961.15664592406
1250,2711.0,215444.21727654117
1251,2712.0,368753.65082217223
1252,2713.0,165406.77765802428
1253,2714.0,143898.02488539793
1254,2715.0,162880.18998742185
1255,2716.0,143464.2879786083
1256,2717.0,205791.39033141427
1257,2718.0,222695.44400684218
1258,2719.0,168865.35727959563
1259,2720.0,178452.5351451052
1260,2721.0,129534.80511597935
1261,2722.0,168412.09175253578
1262,2723.0,143436.92927936942
1263,2724.0,121637.56918796033
1264,2725.0,127775.06789122704
1265,2726.0,145038.57666751702
1266,2727.0,194168.92143635033
1267,2728.0,182390.40575262884
1268,2729.0,148696.485314115
1269,2730.0,143502.14373800624
1270,2731.0,130652.76265248441
1271,2732.0,130709.88034162135
1272,2733.0,157237.7898602017
1273,2734.0,142225.35239280888
1274,2735.0,130274.09229430587
1275,2736.0,130149.36200431331
1276,2737.0,119352.71084173315
1277,2738.0,122605.06591811587
1278,2739.0,155929.4771159589
1279,2740.0,130442.92663467271
1280,2741.0,137631.7003076021
1281,2742.0,158689.58708334202
1282,2743.0,150824.6261865918
1283,2744.0,162214.06335544292
1284,2745.0,135482.8448923794
1285,2746.0,128854.4313961376
1286,2747.0,142156.02911878898
1287,2748.0,126667.22393584522
1288,2749.0,134305.0654574836
1289,2750.0,137256.6844798888
1290,2751.0,132842.06849529038
1291,2752.0,182040.26503434026
1292,2753.0,164862.58742242763
1293,2754.0,191843.61530291813
1294,2755.0,129047.03901554491
1295,2756.0,105359.68292556253
1296,2757.0,83426.89074398368
1297,2758.0,93307.97241132206
1298,2759.0,154318.24395015746
1299,2760.0,121350.27897739026
1300,2761.0,134968.58970153742
1301,2762.0,140561.38602621795
1302,2763.0,203895.4127841268
1303,2764.0,145637.9024701999
1304,2765.0,280458.39047983964
1305,2766.0,151861.96766715153
1306,2767.0,106981.40196159341
1307,2768.0,126004.80724754576
1308,2769.0,131249.28811681832
1309,2770.0,135888.31463245937
1310,2771.0,111167.81050303634
1311,2772.0,111066.07867031322
1312,2773.0,170372.43151756903
1313,2774.0,139344.34269407333
1314,2775.0,130496.42200350162
1315,2776.0,138899.84513578517
1316,2777.0,141505.7189501709
1317,2778.0,110199.79726637717
1318,2779.0,117448.75006046852
1319,2780.0,98910.79914694052
1320,2781.0,99995.65959399214
1321,2782.0,102133.75181850078
1322,2783.0,93673.25847033923
1323,2784.0,121341.9363920351
1324,2785.0,136646.67603696676
1325,2786.0,75122.16148715926
1326,2787.0,130747.1152344407
1327,2788.0,76257.75907766048
1328,2789.0,166533.56837294975
1329,2790.0,102113.64116989664
1330,2791.0,119801.40941689996
1331,2792.0,66861.63446313838
1332,2793.0,189108.269045681
1333,2794.0,96278.45300705868
1334,2795.0,123387.06568710256
1335,2796.0,100049.30367505335
1336,2797.0,201432.41482453526
1337,2798.0,117765.27812491235
1338,2799.0,134861.37836224146
1339,2800.0,63468.54474270114
1340,2801.0,118647.20718662487
1341,2802.0,137593.05371355216
1342,2803.0,152557.09776021205
1343,2804.0,123824.25736885001
1344,2805.0,100089.47204933582
1345,2806.0,77566.88480554223
1346,2807.0,168332.43938864078
1347,2808.0,148240.71821957635
1348,2809.0,133392.33834495797
1349,2810.0,124728.97106482765
1350,2811.0,163471.42782706418
1351,2812.0,152949.67642555703
1352,2813.0,157953.67917024772
1353,2814.0,154064.0254590386
1354,2815.0,88425.38859372638
1355,2816.0,258133.80898557496
1356,2817.0,185678.1656089456
1357,2818.0,133421.15149906965
1358,2819.0,160406.17220669918
1359,2820.0,140974.03101128747
1360,2821.0,103534.12032961193
1361,2822.0,230580.94855850755
1362,2823.0,297655.9294290915
1363,2824.0,172762.87698809494
1364,2825.0,145375.4707256754
1365,2826.0,126768.17358307177
1366,2827.0,150049.10624206255
1367,2828.0,249289.1357323591
1368,2829.0,191148.79855213172
1369,2830.0,229144.30133801766
1370,2831.0,186111.71777225198
1371,2832.0,244650.27545844097
1372,2833.0,289888.3246006363
1373,2834.0,210112.0173970054
1374,2835.0,239240.00467530597
1375,2836.0,186436.66026948037
1376,2837.0,168631.65582985932
1377,2838.0,147000.45579880045
1378,2839.0,177341.78482637956
1379,2840.0,202071.716249421
1380,2841.0,203264.69150514575
1381,2842.0,241213.98529854242
1382,2843.0,142512.3122509938
1383,2844.0,161776.73337172932
1384,2845.0,123205.99973460044
1385,2846.0,209338.01321456692
1386,2847.0,209502.20184295016
1387,2848.0,207363.0538718464
1388,2849.0,201046.98420034305
1389,2850.0,282219.80679699866
1390,2851.0,228330.00784522353
1391,2852.0,248597.9451920023
1392,2853.0,234099.67047564022
1393,2854.0,144014.28854039573
1394,2855.0,209362.16486907573
1395,2856.0,193746.01935496886
1396,2857.0,177475.86109224465
1397,2858.0,210604.08655793514
1398,2859.0,117733.13137872743
1399,2860.0,141431.14446025892
1400,2861.0,131530.47045379016
1401,2862.0,212316.70114893367
1402,2863.0,133739.46259395967
1403,2864.0,271834.82272569934
1404,2865.0,150604.9992099129
1405,2866.0,141926.72336407582
1406,2867.0,99433.05575947609
1407,2868.0,100809.3134136976
1408,2869.0,118358.79679258286
1409,2870.0,127482.85236806265
1410,2871.0,101545.42888571466
1411,2872.0,60921.50428737068
1412,2873.0,100392.86298120949
1413,2874.0,153860.33478799247
1414,2875.0,119292.84075117615
1415,2876.0,176772.07545356284
1416,2877.0,151412.18293141815
1417,2878.0,182513.83277612014
1418,2879.0,135997.18513838877
1419,2880.0,113903.08246879574
1420,2881.0,147694.4171288635
1421,2882.0,179578.0556056781
1422,2883.0,205512.59539881133
1423,2884.0,211728.15254031908
1424,2885.0,204694.86386015773
1425,2886.0,243900.17185391477
1426,2887.0,103918.44163297437
1427,2888.0,150026.2742803109
1428,2889.0,54159.53159019863
1429,2890.0,78559.63293343961
1430,2891.0,139274.46360072758
1431,2892.0,52407.41012574604
1432,2893.0,109528.47649678713
1433,2894.0,63214.88173958107
1434,2895.0,310017.4190065456
1435,2896.0,288712.79249856324
1436,2897.0,257870.49604965778
1437,2898.0,159459.03288798334
1438,2899.0,216930.2429775059
1439,2900.0,172241.47144536366
1440,2901.0,212070.48866622653
1441,2902.0,198959.14366468706
1442,2903.0,341352.09976238396
1443,2904.0,364555.42378279025
1444,2905.0,113827.39175610682
1445,2906.0,196911.55704047353
1446,2907.0,113166.61098276962
1447,2908.0,130667.70999674186
1448,2909.0,155080.35647787005
1449,2910.0,78475.37404995097
1450,2911.0,81240.88321815255
1451,2912.0,164352.90345143754
1452,2913.0,91090.10650450156
1453,2914.0,74173.7199433138
1454,2915.0,85019.60498051225
1455,2916.0,87808.95442360255
1456,2917.0,176003.48603167903
1457,2918.0,121905.57984064572
1458,2919.0,226705.13528748145
